{"c062": -264.25014535, "tavorite(MP)": -264.23517236, "f116": -264.28509751, "triplite_5": -264.12154}